timestamp,price,price_open,price_high,price_low,price_close,amount,weighted_volume,cbse_vwap,ecart_type,vwmp_upper
2021-02-24 00:00:00,156912889.55,48899.99,49114.02,48552.62,48624.42,274.47185524,13412933.807009896,48868.15733905226,143.96838992613124,48828.35
2021-02-24 00:05:00,108903702.6,48593.69,48735.98,48507.63,48633.92,129.09121215,6276538.8190618185,48620.9612143751,54.578599440905585,48661.84
2021-02-24 00:10:00,120825145.0,48632.41,48638.57,48137.34,48142.8,165.13495876,7997949.79082629,48432.80823686862,119.63014488435194,48427.83
2021-02-24 00:15:00,166665755.54,48142.8,48142.8,47583.0,47800.99,283.31330299,13546329.81938525,47813.956056498304,145.7321258639182,47618.08
2021-02-24 00:20:00,167588559.74,47800.37,47806.83,47002.0,47104.64,292.30171421,13844766.145520233,47364.64232835,226.20472976027705,47365.74
2021-02-24 00:25:00,121028955.78,47122.79,47378.95,47013.4,47257.14,188.86276578,8919318.438176425,47226.45250555233,67.55278965198237,47127.85
2021-02-24 00:30:00,136279172.03,47257.14,47736.0,47224.82,47650.01,179.99024634,8556755.672564384,47540.107570055465,98.7455432043528,47426.26
2021-02-24 00:35:00,96106571.16,47664.14,47802.94,47563.33,47728.49,84.39077226,4024511.106557554,47688.99488392421,51.464223049868934,47704.95
2021-02-24 00:40:00,99092149.63,47728.49,47855.0,47571.99,47734.83,110.6208604,5279466.993996261,47725.78133008502,58.98169833136352,47716.5
2021-02-24 00:45:00,81239376.64,47749.12,47951.3,47714.43,47767.19,75.16094086,3593744.4889141857,47813.99018950739,45.04460259329595,47892.16
2021-02-24 00:50:00,94119495.14,47773.75,48250.0,47722.25,48200.0,66.57445901,3191631.34752446,47940.777814582805,158.08156641492508,47797.07
2021-02-24 00:55:00,102814709.66,48200.0,48525.23,48161.73,48487.22,119.05375683,5758841.591344328,48371.775445671396,88.07582148957157,48417.23
2021-02-24 01:00:00,104836457.23,48498.8,48729.76,48437.32,48545.76,119.58073307000001,5807380.2062242245,48564.51417491068,67.61123390501047,48670.86
2021-02-24 01:05:00,101687211.2,48545.77,48899.41,48545.76,48827.77,117.27007085,5718005.220190701,48759.28852728839,75.36697224955134,48709.93
2021-02-24 01:10:00,109799244.32,48840.57,48975.0,48662.35,48758.8,149.98823955,7327748.471681199,48855.48689461366,77.13104941494828,48705.59
2021-02-24 01:15:00,102592786.77,48758.8,49078.37,48741.62,49033.55,127.30641769,6233173.079374417,48961.970594071914,72.44948702782125,48905.17
2021-02-24 01:20:00,118023733.49,49026.78,49219.95,48885.08,49219.59,154.14606731,7560472.901234307,49047.45890162474,74.12975436039541,49163.17
2021-02-24 01:25:00,149325676.11,49220.0,49375.0,49129.23,49200.0,186.04080658,9167623.531258795,49277.487556562475,61.49423824140561,49232.89
2021-02-24 01:30:00,128363714.18,49214.39,49237.6,48759.13,49031.44,126.16650193,6184391.99961979,49017.70204464438,112.57878695043469,48845.25
2021-02-24 01:35:00,116835320.38,49029.72,49336.48,48928.62,49317.9,107.54991042,5289092.232940025,49178.0254607861,107.01403008863723,49311.0
2021-02-24 01:40:00,171305493.75,49306.75,49897.0,49293.66,49764.72,291.16766125,14448499.102003815,49622.60932404222,153.2926386445026,49566.37
2021-02-24 01:45:00,136607874.75,49751.48,49954.11,49650.02,49828.75,183.67388332,9148070.21218462,49806.04779965742,68.65043253374687,49850.0
2021-02-24 01:50:00,133103001.47,49828.75,49837.61,49537.51,49813.98,146.67262759,7293481.978467525,49726.265209179284,74.6052052568121,49605.0
2021-02-24 01:55:00,143981182.56,49813.98,50353.43,49655.36,50236.98,190.69057317,9537245.22074491,50014.24591787496,160.43616128140164,49925.0
2021-02-24 02:00:00,233069984.07,50236.98,50597.47,49900.0,50588.9,388.30088646,19517413.33524907,50263.63321799836,211.7252184279972,49976.18
2021-02-24 02:05:00,179539381.24,50588.91,50600.0,50250.0,50362.68,209.78949757,10587374.971881228,50466.658696051076,74.6860619606479,50490.0
2021-02-24 02:10:00,149552543.82,50359.91,50381.47,50000.0,50343.82,145.46289762,7300823.420558628,50190.279033427025,97.59585906493203,50110.0
2021-02-24 02:15:00,147628886.55,50343.82,50359.37,49906.1,50100.0,155.03357073,7766047.282565542,50092.68151406101,117.78633501624523,50239.19
2021-02-24 02:20:00,123372875.45,50100.0,50169.57,49832.71,49857.97,140.931388,7044019.78081641,49981.908791080736,87.93212452439656,50014.58
2021-02-24 02:25:00,138825655.98,49857.98,50184.28,49840.44,50042.36,101.4642403,5074866.040527421,50016.30156124492,76.81187173467684,50004.91
2021-02-24 02:30:00,139199422.55,50048.58,50375.17,50048.57,50230.81,146.03214219,7338872.789005758,50255.188199987315,82.05783646249388,50248.6
2021-02-24 02:35:00,128705035.52,50228.51,50489.0,50224.39,50356.93,150.97322959,7607523.5720063755,50389.88430376847,57.54507591529344,50344.77
2021-02-24 02:40:00,137206032.01,50357.69,50399.99,50039.71,50095.2,149.92520968,7528617.319727974,50215.819846422324,97.99080556670354,50110.97
2021-02-24 02:45:00,118526970.9,50097.12,50450.0,50097.12,50337.77,116.9498724,5886946.808627438,50337.351275531946,78.45089635705,50380.0
2021-02-24 02:50:00,121819709.15,50354.92,50434.32,50255.01,50374.23,107.64513368,5417768.092635031,50329.89330238184,36.91593459879747,50350.71
2021-02-24 02:55:00,118088985.83,50374.56,50436.53,50200.0,50220.01,92.19184093,4638791.899921175,50316.72925853976,62.50599779238847,50315.01
2021-02-24 03:00:00,108518903.16,50220.01,50494.68,50084.76,50452.14,131.39431299,6609000.265867917,50298.98262317416,111.38397208734709,50470.0
2021-02-24 03:05:00,141414456.31,50452.14,50559.39,50306.74,50363.25,145.15683064,7329518.805089968,50493.79194057863,65.70770429826817,50476.49
2021-02-24 03:10:00,117909738.89,50363.25,50513.61,50265.46,50447.48,104.44369282,5265061.62615288,50410.52728025211,55.482385873442254,50475.25
2021-02-24 03:15:00,97194729.07,50433.09,50518.8,50262.06,50484.52,78.35927294,3948072.2593931747,50384.238026509374,57.791696873123044,50506.06
2021-02-24 03:20:00,100507600.46,50484.52,50491.84,50251.76,50318.39,133.69022075,6734055.345990174,50370.590370875536,45.37312213260713,50365.71
2021-02-24 03:25:00,90172094.81,50318.39,50350.85,50226.15,50284.21,93.78845694,4716647.659128254,50290.27892148466,27.077369742235998,50299.95
2021-02-24 03:30:00,90177899.1,50286.6,50384.29,50239.17,50384.29,106.18769,5340305.12414391,50291.18840558552,26.014217556115675,50270.01
2021-02-24 03:35:00,94169636.8,50384.29,50550.0,50324.44,50550.0,100.34287038000001,5057980.744336915,50406.97685029602,56.7019901289119,50361.29
2021-02-24 03:40:00,91149409.11,50546.16,50559.99,50400.0,50448.5,76.51208257,3863637.6291582785,50497.09143158511,46.14099948705796,50540.0
2021-02-24 03:45:00,109274224.63,50460.29,50750.0,50321.65,50746.45,98.37129008,4971868.943898997,50541.86988760285,130.89973820431985,50441.18
2021-02-24 03:50:00,126813507.25,50746.46,50940.04,50740.05,50862.53,174.8093869,8888708.278374463,50848.00327947643,41.33401484408047,50894.39
2021-02-24 03:55:00,120364258.01,50866.69,51000.0,50850.06,50932.71,107.30821183,5466033.196108964,50937.69715190458,36.29033425323404,50928.08
2021-02-24 04:00:00,143710503.19,50929.46,51200.0,50929.46,51052.01,260.68031081,13306374.243964948,51044.799672896894,49.603666492185894,51035.5
2021-02-24 04:05:00,122485955.69,51040.28,51277.04,51034.82,51222.13,239.22060364,12248370.321607409,51201.15130233441,54.29605159839374,51236.64
2021-02-24 04:10:00,132682983.81,51222.16,51348.0,51200.0,51309.47,181.83058183,9322360.364109894,51269.48542036623,40.43057811681657,51238.42
2021-02-24 04:15:00,150106407.45,51321.44,51398.0,50929.33,51021.41,245.93961231,12578300.323709127,51143.85684179469,139.82239311712237,51135.0
2021-02-24 04:20:00,123234672.95,51015.95,51170.64,50844.54,51060.5,116.96983497,5963054.893029734,50979.424691495165,73.03491463373524,50892.01
2021-02-24 04:25:00,115106682.65,51057.13,51100.0,50700.0,50712.59,137.15236514,6972321.487151647,50836.319738522645,121.43257288089619,50974.88
2021-02-24 04:30:00,93759167.64,50721.08,50887.2,50649.83,50794.93,92.9507289,4720397.493107263,50783.86742061646,46.39249305054736,50662.6
2021-02-24 04:35:00,95869813.66,50759.61,50870.03,50634.18,50653.42,115.277807,5846285.807223632,50714.75559231997,56.00277974193576,50787.01
2021-02-24 04:40:00,104461479.85,50647.46,50660.33,50358.54,50367.31,191.14850119,9649734.47536569,50482.91990411129,78.00424615375964,50589.48
2021-02-24 04:45:00,85055037.7,50367.31,50718.47,50362.46,50718.47,100.26530032,5073863.019958744,50604.376626463425,81.40984186819458,50662.06
2021-02-24 04:50:00,101762093.12,50718.46,50991.5,50679.55,50907.75,162.0676501,8244847.877459966,50872.878531728435,63.734744243359124,50863.91
2021-02-24 04:55:00,78553538.2,50909.85,50926.59,50641.72,50650.86,76.93508506,3906303.313990652,50774.016964356524,55.880943306635736,50702.3
2021-02-24 05:00:00,82031707.64,50655.08,50919.7,50655.07,50884.56,159.12786126,8089699.569954714,50837.73203447323,63.599041214437364,50913.16
2021-02-24 05:05:00,85777963.17,50884.56,51025.22,50872.22,50939.88,145.82782717,7429098.721604708,50944.31471535384,36.33721176131592,50892.22
2021-02-24 05:10:00,74953947.1,50939.88,50954.11,50648.15,50648.4,85.00785082,4316464.97495486,50777.25096349942,89.78544856980044,50890.29
2021-02-24 05:15:00,104524471.7,50648.41,50648.41,50217.56,50249.49,110.83030395,5587141.658815422,50411.678572459794,117.28591963721163,50463.13
2021-02-24 05:20:00,110750967.68,50243.16,50410.0,49978.89,50140.6,167.88325375,8420783.437583484,50158.56703684768,106.90316328840794,50090.24
2021-02-24 05:25:00,81308456.97,50147.59,50448.83,50049.87,50394.38,88.95541951,4466501.956784327,50210.56593726952,94.16590319127408,50198.85
2021-02-24 05:30:00,68662858.66,50394.38,50404.28,50200.71,50312.76,57.66010114,2900250.365670857,50299.0856472656,46.859475454133,50305.09
2021-02-24 05:35:00,63884471.49,50301.16,50527.62,50256.37,50502.98,62.57825832,3155816.345159334,50429.91655379351,80.20691624066828,50436.95
2021-02-24 05:40:00,72454225.97,50496.73,50554.59,50274.29,50403.99,60.51910528,3051744.481101733,50426.13348268147,71.63494584087901,50323.77
2021-02-24 05:45:00,56968984.1,50411.33,50528.52,50267.97,50277.68,36.53232979,1841774.4045654223,50414.917831754916,66.13185098467277,50398.62
2021-02-24 05:50:00,56575253.15,50289.45,50477.89,50249.61,50347.35,37.5833503,1892782.6101700473,50362.26400949803,58.86282669454425,50428.14
2021-02-24 05:55:00,51193128.68,50348.14,50439.94,50197.0,50225.89,34.66808007,1744864.5796116495,50330.58006351979,64.5478195526384,50268.07
2021-02-24 06:00:00,70998931.31,50234.41,50579.7,50200.72,50530.48,79.30139523,4002258.647867019,50468.956268160975,81.31327979471284,50256.71
2021-02-24 06:05:00,82602769.72,50522.17,50705.94,50426.06,50493.41,106.2893996,5373157.757059271,50552.150800363284,69.79532423460516,50455.27
2021-02-24 06:10:00,140547746.82,50494.45,50552.18,49611.0,49740.4,191.73445591,9578633.568387663,49957.81025859988,275.0812259901999,50015.01
2021-02-24 06:15:00,112375108.12,49746.26,49929.11,49436.23,49700.54,147.71311895,7337838.112400151,49676.27902355759,126.81250423376744,49639.96
2021-02-24 06:20:00,76003323.05,49700.54,50151.78,49580.0,50118.99,87.960461,4388946.7850950435,49896.81426402533,175.06189756501865,49886.1
2021-02-24 06:25:00,75288955.24,50108.23,50108.23,49587.29,49665.03,75.0092376,3735892.753393814,49805.768901640105,128.6970416252405,49983.49
2021-02-24 06:30:00,81400356.93,49658.53,49924.82,49579.63,49810.57,84.20729843,4189924.5685573374,49757.261504361704,84.21974894892608,49656.24
2021-02-24 06:35:00,76571577.48,49796.73,49949.4,49539.19,49865.61,91.24469556,4537545.813628752,49729.420277861376,86.49902653344496,49725.77
2021-02-24 06:40:00,65709420.56,49864.8,50040.58,49719.18,50037.4,61.50066974,3068942.506308527,49900.96074209886,77.32579849163179,49929.0
2021-02-24 06:45:00,70159812.78,50037.39,50400.0,50009.42,50235.21,54.02667926,2712662.355627146,50209.681453354344,103.92200892810067,50219.28
2021-02-24 06:50:00,56297340.6,50227.49,50238.41,49928.0,49988.9,59.27567944,2966324.461369939,50042.85888232644,67.99959168034285,49981.79
2021-02-24 06:55:00,49110094.61,49973.6,50141.4,49934.18,50099.64,38.87064559,1945671.9476199783,50055.04586012146,45.84165080556981,50097.21
2021-02-24 07:00:00,40287466.1,50098.05,50164.93,49926.53,50006.88,22.63808845,1132969.958431171,50047.06828200291,60.51320710590811,50114.66
2021-02-24 07:05:00,58419752.69,50011.74,50095.0,49721.87,49821.73,43.99729627,2194859.8844040483,49886.244621368605,104.55844809313233,49790.0
2021-02-24 07:10:00,66072142.36,49821.72,49841.65,49538.73,49548.22,62.86380924,3126439.6438651183,49733.53797141164,83.17781976133223,49715.12
2021-02-24 07:15:00,58972940.62,49548.22,49863.18,49520.91,49709.43,49.49200808,2458239.6521481774,49669.426388491316,92.37507230487748,49575.9
2021-02-24 07:20:00,45817570.11,49708.78,50041.15,49708.78,49974.05,34.58697737,1726362.2594478577,49913.6493189274,84.06983902116104,49764.56
2021-02-24 07:25:00,61222720.57,49974.05,49990.49,49600.0,49696.16,46.54495619,2319581.753288952,49835.29781014824,111.64661351505403,49885.07
2021-02-24 07:30:00,45328444.96,49696.17,50043.39,49696.17,49972.35,33.61477991,1678245.6326077601,49925.82539885981,68.64254667941329,49988.31
2021-02-24 07:35:00,44772239.4,49972.35,50243.01,49917.53,50141.45,43.08005922,2157799.441287645,50088.126162228735,92.32214609014214,50113.9
2021-02-24 07:40:00,34412010.49,50139.79,50179.91,50024.16,50088.56,25.93763518,1298974.8777429773,50080.69813336689,36.227854415230624,50045.56
2021-02-24 07:45:00,38295924.8,50075.47,50247.22,49971.6,50182.55,29.35699623,1471447.9714898884,50122.565672649136,72.2275616754485,50064.44
2021-02-24 07:50:00,53176355.75,50192.94,50350.0,50058.97,50133.73,69.29410783,3480112.1673060805,50222.3389013663,73.53107796863046,50265.07
2021-02-24 07:55:00,32743086.21,50125.0,50205.29,50053.88,50082.62,37.52232299,1881273.9315225428,50137.45902736133,36.19876603278125,50174.44
2021-02-24 08:00:00,57473544.19,50090.93,50214.04,49782.86,50208.48,60.315094200000004,3018631.6093724985,50047.69783435899,101.16695989244731,50211.8
2021-02-24 08:05:00,53485000.74,50214.05,50500.0,50128.51,50480.01,39.22888729,1975620.5395768208,50361.370817684,100.29748901296742,50358.25
2021-02-24 08:10:00,37908477.06,50480.01,50499.76,50330.4,50496.62,22.80463943,1149636.2542636576,50412.38462868596,40.042369927161296,50440.5
2021-02-24 08:15:00,80973933.27,50496.62,50888.71,50495.85,50753.82,59.52847508,3017859.801617225,50696.07104098566,115.31753038226756,50695.8
2021-02-24 08:20:00,45599891.94,50733.82,50760.85,50572.9,50684.57,31.84768762,1613584.6120054524,50665.6756766271,40.9059664922152,50684.15
2021-02-24 08:25:00,46125985.14,50686.11,50720.0,50549.77,50643.76,32.32617097,1636424.0857316928,50622.26786000609,42.90062173355836,50696.48
2021-02-24 08:30:00,42089095.39,50644.06,50891.81,50636.08,50710.03,30.65527036,1556444.4044097243,50772.489889393495,58.59126484462423,50685.27
2021-02-24 08:35:00,45407448.45,50705.46,50840.33,50641.46,50730.55,37.96558062,1926083.679189299,50732.364624357986,46.79872420105964,50750.8
2021-02-24 08:40:00,54610634.99,50730.55,50738.24,50402.51,50433.83,64.92308244,3282531.394627735,50560.313393335164,92.16914309925097,50546.86
2021-02-24 08:45:00,43782904.21,50433.82,50533.48,50338.02,50483.38,24.41982778,1231747.6285679406,50440.4715571643,48.74775876232932,50353.28
2021-02-24 08:50:00,47880397.94,50483.28,50714.85,50463.22,50665.55,47.51309965,2404723.42423249,50611.79847129781,67.78773019599333,50673.81
2021-02-24 08:55:00,49317960.05,50665.54,50752.41,50601.85,50666.7,52.04869615,2638018.7098842165,50683.66558658196,32.741012181545905,50714.24
2021-02-24 09:00:00,48820531.06,50664.17,50668.53,50439.98,50492.19,33.00385115,1668124.960915195,50543.342755174046,66.84543682442082,50464.91
2021-02-24 09:05:00,50485137.51,50493.09,50623.15,50400.0,50480.17,39.84549336,2013396.8344164018,50530.101766479966,45.28328663122411,50550.04
2021-02-24 09:10:00,52329719.83,50469.75,50608.34,50356.56,50606.88,42.95242862,2169969.9093166864,50520.307676066535,60.57806389215183,50530.76
2021-02-24 09:15:00,81526539.29,50609.49,50980.95,50606.87,50938.26,65.59607965,3335425.9661502703,50847.94676674356,109.91231219993735,50937.31
2021-02-24 09:20:00,52252429.14,50941.33,50991.3,50762.8,50768.48,45.13902443,2296572.7303108447,50877.76617486025,49.594337908429644,50851.39
2021-02-24 09:25:00,47852687.9,50768.49,50877.11,50696.7,50787.29,35.67963264,1812614.9453040636,50802.5114381913,39.24112813501544,50877.09
2021-02-24 09:30:00,49272412.94,50796.87,50992.78,50795.02,50861.42,37.21255128,1894217.8020900534,50902.65883242751,56.963232977333924,50829.69
2021-02-24 09:35:00,68092397.1,50845.75,51257.61,50822.12,51244.64,85.31205314,4358292.423622149,51086.47914580185,113.69141131009499,51025.8
2021-02-24 09:40:00,69862284.95,51249.44,51415.41,51100.0,51297.19,58.58999597,3004193.7835209696,51274.859023018456,79.1796668701906,51412.16
2021-02-24 09:45:00,74720858.24,51297.19,51354.82,50965.06,50980.03,45.160319720000004,2310316.9750072416,51158.118218194955,86.39500564812474,51127.3
2021-02-24 09:50:00,52067768.42,50977.5,51074.54,50888.2,50905.98,41.14213107,2095713.6645820797,50938.383843471616,37.89433013012387,50904.4
2021-02-24 09:55:00,27538608.3,50908.69,50928.92,50875.38,50900.68,22.33886903,1137109.5566229792,50902.736172359364,9.432078083785015,50906.27
2021-02-24 10:00:00,38008370.8,50904.97,51055.38,50891.11,50894.05,30.79755893,1569339.6068805377,50956.62323262378,41.00736204360915,50973.83
2021-02-24 10:05:00,54947882.43,50891.11,51016.48,50721.66,50981.9,64.57476319,3286345.2317444417,50892.09885408241,77.02200338595233,50924.54
2021-02-24 10:10:00,39131449.53,50981.9,50981.9,50611.35,50664.21,25.33726236,1286155.7411612626,50761.43282123959,95.29542171163067,50629.57
2021-02-24 10:15:00,50516440.36,50664.22,50674.01,50352.36,50549.05,84.00749009,4239357.633098066,50464.04348655461,75.94381731168389,50554.23
2021-02-24 10:20:00,63589220.82,50541.86,50792.58,50234.57,50239.12,131.27308356,6630615.374917834,50510.09083585082,138.13398474668233,50537.1
2021-02-24 10:25:00,67318692.14,50239.13,50556.76,50172.36,50448.15,109.76919435,5537830.579002729,50449.76973544426,93.09055408725767,50286.31
2021-02-24 10:30:00,49816278.69,50458.24,50644.65,50448.78,50526.86,45.89345217,2321235.060311721,50578.78522002067,40.96058303626704,50490.36
2021-02-24 10:35:00,48996318.07,50526.08,50527.26,50264.82,50353.43,60.59920903,3051480.8762895595,50355.12715650968,51.79852669254876,50400.41
2021-02-24 10:40:00,40340117.11,50353.43,50581.7,50353.43,50575.77,42.74859196,2158750.6932095843,50498.755496544414,60.533161114772355,50534.84
2021-02-24 10:45:00,38522452.81,50576.45,50633.57,50500.0,50566.27,57.13942878,2888304.5666851336,50548.36263424636,29.452202563248044,50586.3
2021-02-24 10:50:00,52210721.56,50551.38,50607.19,50349.91,50407.68,43.47650027,2195672.8434927077,50502.52043878938,66.25945827375203,50544.32
2021-02-24 10:55:00,61245158.22,50404.48,50460.16,50110.0,50134.22,83.85112558,4216647.563658552,50287.3102119013,102.32054047044797,50429.72
2021-02-24 11:00:00,52263093.63,50129.71,50525.28,50129.7,50453.6,52.63766904,2650257.922531222,50349.07454806288,92.64079830423293,50378.55
2021-02-24 11:05:00,47314050.83,50472.83,50637.36,50431.54,50530.32,40.86525197,2064849.694190521,50528.25064449298,41.17261453909352,50599.0
2021-02-24 11:10:00,44613885.7,50526.66,50599.0,50409.97,50443.75,48.13443514,2431666.2370733647,50518.22525808837,48.55044027354535,50557.46
2021-02-24 11:15:00,48274943.46,50430.58,50491.47,50281.19,50341.61,52.99569711,2670511.8234475367,50391.10661955281,46.928053153212346,50321.77
2021-02-24 11:20:00,61100110.61,50358.18,50898.44,50343.01,50861.17,50.85401318,2570187.3417132846,50540.50174203547,180.25173322628467,50773.66
2021-02-24 11:25:00,44209410.97,50854.24,50939.86,50750.0,50777.86,34.12307287,1733739.6502014943,50808.42680278502,42.782578728878484,50850.0
2021-02-24 11:30:00,42539371.54,50777.86,50893.21,50675.51,50697.49,32.2321599,1636078.9919028655,50759.2105828088,56.023897221983,50686.43
2021-02-24 11:35:00,46938067.33,50697.49,50767.11,50618.93,50625.91,47.86236305,2425812.687062778,50683.09486785313,35.29653989628143,50686.13
2021-02-24 11:40:00,61752423.65,50625.91,50691.8,50370.82,50390.97,56.97565428,2878698.244484825,50525.05812987786,92.1476751023788,50379.3
2021-02-24 11:45:00,42696857.45,50395.25,50490.16,50323.54,50386.39,38.35807252,1933461.2641765282,50405.58967524805,40.936537294229154,50400.0
2021-02-24 11:50:00,55409603.96,50386.38,50414.69,50222.22,50328.88,59.55286547,2997188.950920006,50328.20716964244,36.45734616565973,50285.11
2021-02-24 11:55:00,39130560.38,50328.87,50395.0,50317.58,50380.0,47.26871129,2380607.5138976234,50363.28363792851,17.789745606874785,50340.56
2021-02-24 12:00:00,56597697.4,50379.99,50646.09,50373.62,50603.66,66.50394398,3359032.845850312,50508.776545049535,73.98619408923507,50529.3
2021-02-24 12:05:00,65638803.71,50603.66,50773.92,50501.0,50534.86,79.83817738,4042201.573227786,50629.933020494835,73.83192077274414,50668.54
2021-02-24 12:10:00,62284478.01,50557.5,50877.05,50368.45,50851.89,47.58877465,2408019.7601465634,50600.58339086829,142.28642935939226,50775.01
2021-02-24 12:15:00,58886915.9,50846.8,50950.25,50752.62,50768.53,59.552723220000004,3028349.344073174,50851.56782647586,51.581358510284375,50921.49
2021-02-24 12:20:00,68849750.56,50768.54,51140.15,50516.28,51127.27,81.62323636,4162246.7450983613,50993.40495077574,119.50371589094013,51046.19
2021-02-24 12:25:00,79264320.82,51129.79,51216.87,50858.14,51143.17,140.96894602,7200105.485749106,51075.82690394514,67.67657105320939,51162.9
2021-02-24 12:30:00,77718322.32,51162.91,51279.84,51039.0,51271.69,96.62121711,4942922.486539652,51157.73361571611,54.363591408178074,51258.45
2021-02-24 12:35:00,79578764.91,51279.51,51332.84,51071.15,51195.26,115.92052436,5935485.703821228,51203.06120586657,51.990186101678134,51181.13
2021-02-24 12:40:00,77986341.54,51195.26,51199.31,50900.84,50906.76,131.86971019,6734022.332006099,51065.724815074,90.17118155517335,51050.14
2021-02-24 12:45:00,65253818.4,50903.01,51084.45,50897.3,51032.74,113.68083768,5794469.039716788,50971.378800248014,58.065920813519384,50929.0
2021-02-24 12:50:00,68511388.62,51032.74,51043.78,50807.4,50849.99,79.80784254,4063895.0473215897,50920.99871368844,67.21057337271118,50988.21
2021-02-24 12:55:00,91606208.24,50849.99,50850.0,50635.86,50738.3,135.16242726,6861520.9860134125,50765.00270903327,55.53589095213187,50731.35
2021-02-24 13:00:00,65730431.98,50738.3,51123.31,50733.36,50972.5,92.32955245,4705853.680894163,50968.011389880456,99.14468099605978,50858.38
2021-02-24 13:05:00,105447413.71,50972.5,50977.27,50514.93,50580.83,205.10449219,10383181.80064555,50623.86342580452,87.61506580789248,50700.3
2021-02-24 13:10:00,79274713.67,50573.27,50724.67,50395.21,50441.83,125.76488643,6357298.865251276,50549.07650069489,77.21296091783759,50500.26
2021-02-24 13:15:00,173962284.6,50440.0,50449.06,49522.74,49565.85,367.16184097,18320745.045378994,49898.281904725336,182.2801042228256,49894.41
2021-02-24 13:20:00,123725619.13,49566.4,49969.69,49474.58,49834.71,214.84760817,10686438.551508164,49739.620759717414,138.7366680429962,49579.24
2021-02-24 13:25:00,98783239.97,49839.01,49969.69,49559.08,49616.95,173.82003413,8666154.251626104,49857.050684644826,99.93180086977445,49910.11
2021-02-24 13:30:00,172619146.75,49780.06,49790.68,49000.0,49154.78,391.54552308,19304882.299692903,49304.31115093752,194.62006523960588,49294.48
2021-02-24 13:35:00,121414118.1,49141.86,49529.06,49123.6,49264.33,144.77628509,7142698.855600457,49336.11089109109,91.39572131529043,49434.86
2021-02-24 13:40:00,90887591.21,49258.55,49547.85,49257.69,49499.58,136.16165975,6733750.83953585,49454.08899905724,58.87059984899263,49359.29
2021-02-24 13:45:00,105114597.4,49492.84,49867.0,49302.92,49745.18,155.62953332,7714396.160181555,49568.9731608941,167.58331876872347,49459.35
2021-02-24 13:50:00,70143538.91,49745.19,49782.85,49534.37,49644.95,78.48920024,3897152.467177801,49652.08532207361,71.25041756451618,49703.91
2021-02-24 13:55:00,74960621.75,49652.88,49652.88,49371.9,49479.41,73.23749044,3623845.6668286207,49480.74606403213,50.62485415544937,49485.0
2021-02-24 14:00:00,84283447.75,49479.41,49804.39,49479.4,49776.92,78.70282244,3908227.236790773,49658.03151177017,70.03186194965713,49679.08
2021-02-24 14:05:00,85496722.2,49775.0,49788.29,49288.0,49365.97,86.48552499,4284337.556323468,49538.20372621719,147.09239252152932,49372.43
2021-02-24 14:10:00,102741474.71,49354.82,49461.7,49150.0,49434.83,102.16882393,5035997.190002932,49290.938236240225,70.35922951899369,49259.02
2021-02-24 14:15:00,91031458.21,49434.83,49659.09,49287.49,49649.32,94.83006982,4691300.457916654,49470.60006199891,94.609630727891,49551.94
2021-02-24 14:20:00,72519695.26,49649.32,49649.32,49383.58,49419.89,96.7277358,4791810.273983711,49539.15476623522,59.95775718226114,49563.41
2021-02-24 14:25:00,72015551.19,49419.88,49544.99,49334.42,49492.97,84.25527752,4167699.0908384947,49465.13991184935,43.80206377666241,49484.78
2021-02-24 14:30:00,86600067.28,49483.59,49685.48,49358.8,49389.6,100.26410777,4964629.737792903,49515.52303423947,84.31611896886926,49556.31
2021-02-24 14:35:00,93583844.65,49389.61,49412.04,49092.3,49344.89,119.53663828,5889901.459387873,49272.77146268324,72.58724198047706,49384.28
2021-02-24 14:40:00,136294617.36,49344.89,49376.22,48731.33,48763.07,171.47321532,8406159.84221213,49023.16566773835,178.58281214482028,49282.05
2021-02-24 14:45:00,127878837.84,48751.7,49241.71,48751.7,49187.77,150.50165095,7379689.384313173,49033.9430679393,114.2331369956528,49227.34
2021-02-24 14:50:00,103033487.54,49187.76,49187.77,48912.39,49043.12,132.71428292,6509942.620549332,49052.31356653237,67.58159097249609,49069.93
2021-02-24 14:55:00,87819579.17,49051.0,49450.0,49051.0,49427.61,98.56158708,4851279.245396635,49220.790666235625,113.35058375924672,49317.3
2021-02-24 15:00:00,104405231.85,49427.61,49641.49,49379.08,49512.38,113.68447269,5630072.131967091,49523.66843728456,63.005880576919886,49527.27
2021-02-24 15:05:00,80000353.81,49512.38,49512.38,49180.82,49194.17,74.03196571,3655830.595897585,49381.784757928785,88.4816527847044,49305.11
2021-02-24 15:10:00,113312521.48,49194.46,49194.46,48847.09,48935.05,131.06408682,6424521.904530704,49018.17164723373,78.26536584154839,49057.44
2021-02-24 15:15:00,128172206.09,48935.06,49121.73,48665.0,48744.06,172.18591758,8416981.371713145,48883.099675108424,101.57013668350504,48883.41
2021-02-24 15:20:00,170998223.62,48731.61,48878.22,48500.0,48840.25,243.88698996,11852531.446517255,48598.45721356926,75.26293066704628,48563.08
2021-02-24 15:25:00,123398564.69,48826.37,49222.01,48810.08,49178.48,156.89915288,7690556.382904708,49015.920365017,104.98782486448138,49027.3
2021-02-24 15:30:00,110150831.33,49178.47,49379.0,49022.9,49300.72,196.26904995,9658568.916938292,49210.860904451496,97.76183784208288,49336.82
2021-02-24 15:35:00,116633673.17,49300.72,49617.3,49300.71,49417.82,226.62950336,11223812.024296273,49524.93765327321,68.60664280349499,49425.95
2021-02-24 15:40:00,97419157.34,49420.01,49460.0,49175.0,49277.63,141.62315064,6987518.305540275,49338.81412723438,64.43028405105801,49244.3
2021-02-24 15:45:00,103530070.93,49276.13,49717.45,49268.86,49516.62,126.97840295,6292770.979324139,49557.80536790992,87.1264504425115,49379.4
2021-02-24 15:50:00,73172305.05,49497.88,49637.99,49493.23,49575.99,65.50852212,3247576.287721134,49574.867248144445,28.865526954927724,49571.15
2021-02-24 15:55:00,116223994.89,49573.08,49877.97,49569.61,49850.22,143.25156146,7130831.434513996,49778.38539306346,85.39355890525671,49603.25
2021-02-24 16:00:00,122770044.59,49850.0,50144.92,49800.01,49914.51,191.73804231,9580487.78852495,49966.54640415761,89.32108108709272,49812.05
2021-02-24 16:05:00,102906541.53,49914.5,49998.99,49785.86,49875.94,183.14160893,9141922.923947588,49917.23605224957,59.81861172848251,49962.08
2021-02-24 16:10:00,80601149.05,49887.21,49908.65,49659.55,49740.52,100.69170948,5009439.538448787,49750.26806396401,48.81974948147887,49732.93
2021-02-24 16:15:00,65691867.03,49747.9,49760.68,49566.55,49599.49,83.52806991,4149715.612431768,49680.49204181316,43.980414930937826,49635.1
2021-02-24 16:20:00,86080292.74,49597.29,49833.81,49365.0,49554.63,137.84457256,6837371.261563369,49602.03462916356,111.0419332245535,49782.99
2021-02-24 16:25:00,68275012.33,49554.63,49639.18,49460.1,49513.85,80.11744497,3972492.0331845726,49583.35896348258,38.07051265348596,49521.03
2021-02-24 16:30:00,79288758.48,49524.42,49804.84,49501.0,49685.0,95.92920695000001,4765905.943384507,49681.49007912243,81.00601644247408,49671.12
2021-02-24 16:35:00,75873718.53,49688.8,49882.8,49688.8,49767.14,60.46342486,3009714.906415209,49777.44666935509,44.298371244028175,49833.33
2021-02-24 16:40:00,69233523.04,49767.14,49767.14,49600.0,49625.57,60.01519182,2980594.834714021,49664.00580129014,33.74943930895498,49647.56
2021-02-24 16:45:00,62190438.45,49625.57,49699.88,49555.1,49670.03,55.2866445,2743773.2898916192,49628.1392134699,34.426446027143555,49647.91
2021-02-24 16:50:00,68653569.11,49670.03,49823.84,49550.0,49555.23,57.05050873,2836761.5873739775,49723.68609015167,66.04899700566138,49762.57
2021-02-24 16:55:00,76766408.45,49550.0,49628.74,49353.95,49371.5,55.11362211,2726371.6838374087,49468.20004673086,79.7334064250683,49410.78
2021-02-24 17:00:00,73439643.4,49371.49,49656.22,49360.64,49643.79,66.41180393,3286271.944458344,49483.25071732989,94.24980451567579,49481.79
2021-02-24 17:05:00,90325866.52,49642.31,49999.0,49561.08,49935.06,86.54235523,4313588.124601741,49843.66456329617,137.7963698692747,49690.11
2021-02-24 17:10:00,80907258.77,49935.06,49985.81,49747.57,49787.34,71.12472866,3547113.237794332,49871.72963078313,58.98620910342762,49895.45
2021-02-24 17:15:00,64666608.51,49780.89,49922.01,49780.88,49876.98,75.59167137,3768494.8293333296,49853.30739530293,30.091543523984605,49870.0
2021-02-24 17:20:00,71650870.49,49876.97,49961.49,49831.53,49920.02,71.86623934,3585616.4270050004,49892.91856557859,33.36683083671422,49922.01
2021-02-24 17:25:00,70932481.5,49920.01,49920.01,49720.37,49740.88,74.27946957,3701147.1033563,49827.32274182958,45.05286765933373,49796.89
2021-02-24 17:30:00,73964801.07,49744.8,49900.0,49637.27,49696.16,78.54627568,3906406.661487752,49733.82413957571,64.50267577962967,49711.37
2021-02-24 17:35:00,69867255.33,49697.6,49855.28,49662.73,49774.96,88.40550898,4394903.229787312,49713.00183093309,53.76997061567191,49818.2
2021-02-24 17:40:00,57883156.08,49774.96,49930.37,49748.29,49901.88,39.8839885,1988419.3686776976,49855.07827728155,48.730458122600865,49906.87
2021-02-24 17:45:00,59726497.25,49901.88,49920.24,49785.91,49819.12,75.69912941,3773291.432153727,49845.90260895745,33.52637910080659,49869.91
2021-02-24 17:50:00,58616259.98,49819.12,49859.65,49801.82,49857.64,50.65750648,2524964.61602874,49843.83937305752,13.889495973190476,49804.95
2021-02-24 17:55:00,80219702.27,49847.42,50113.72,49847.41,50096.69,101.57916753,5074976.444705824,49960.799720149305,71.0337060334195,50054.39
2021-02-24 18:00:00,73924334.61,50096.69,50103.57,49960.7,49997.94,65.49454881,3276109.4421479837,50021.10101791819,29.595612341384054,50010.88
2021-02-24 18:05:00,81526760.99,49997.94,49997.94,49735.22,49884.71,96.46599512,4811224.16015584,49874.8201806332,58.34431326132588,49800.0
2021-02-24 18:10:00,78195590.53,49884.7,49925.42,49650.0,49684.08,88.36803792,4395101.0011729635,49736.31988017963,77.37710414368162,49875.0
2021-02-24 18:15:00,71811239.79,49684.08,49820.0,49582.18,49589.59,79.00190741,3926352.2866522926,49699.46189116059,70.59251919835914,49724.29
2021-02-24 18:20:00,67685867.9,49589.59,49684.72,49544.84,49676.87,97.17807523,4818833.548754198,49587.66200451117,32.22765481166023,49673.37
2021-02-24 18:25:00,58940910.75,49676.87,49740.91,49654.91,49685.15,69.28689374,3443022.544304822,49692.26297291967,24.5212855260498,49724.6
2021-02-24 18:30:00,68532523.1,49685.14,49955.53,49658.25,49952.15,84.29264887,4200041.22577363,49826.89809939569,79.23888150454037,49880.92
2021-02-24 18:35:00,69994129.6,49952.15,50018.91,49901.1,49934.71,65.61805788,3277958.5607894,49955.129223483185,28.88872752548667,49956.79
2021-02-24 18:40:00,64108762.78,49940.0,49955.31,49860.37,49891.6,107.01412941,5339129.515836469,49891.81844745776,22.940844791740723,49867.99
2021-02-24 18:45:00,70151772.91,49891.59,49896.22,49766.83,49854.42,90.82778895,4524371.363266701,49812.63350754176,31.162544735667414,49790.05
2021-02-24 18:50:00,66659018.71,49854.62,49854.62,49681.44,49703.25,73.98666368,3680189.296575812,49741.252186921316,47.548800496940984,49832.35
2021-02-24 18:55:00,68762582.44,49703.25,49754.43,49600.0,49619.18,57.77055117,2868709.7202768927,49656.95604729839,46.09125471713072,49700.0
2021-02-24 19:00:00,66892112.26,49619.19,49733.51,49608.46,49642.35,62.27724269,3093297.9633844113,49669.796377820516,34.652274688458895,49640.0
2021-02-24 19:05:00,87199748.86,49635.72,49635.72,49280.0,49396.52,116.2129086,5748656.276698707,49466.589778639325,74.8003569590078,49524.39
2021-02-24 19:10:00,100821206.39,49399.89,49713.38,49391.31,49397.01,200.43599099,9918441.330257112,49484.333034539464,86.49816790681326,49646.31
2021-02-24 19:15:00,66152460.36,49397.01,49540.57,49397.0,49515.48,87.09205932,4308478.327625275,49470.39214901038,33.09109546769433,49474.54
2021-02-24 19:20:00,56114605.83,49520.26,49576.12,49484.44,49529.13,54.21940559,2684860.3608316174,49518.43959954445,22.507034234568778,49550.65
2021-02-24 19:25:00,59014689.2,49535.77,49536.51,49400.0,49474.27,56.63492398,2801804.8968980396,49471.32793693633,40.179184464395306,49472.61
2021-02-24 19:30:00,88782631.59,49472.47,49472.47,49153.96,49203.05,94.58133645,4658060.0939384615,49249.25221796717,64.26216745635874,49176.17
2021-02-24 19:35:00,104352209.36,49203.06,49216.19,48833.24,48892.5,134.69766606,6599149.81774612,48992.31004349088,78.85177022010619,49100.0
2021-02-24 19:40:00,92113429.24,48895.62,49165.92,48895.62,49013.46,163.58412418,8025370.469235006,49059.59248468561,48.911038826226815,48976.64
2021-02-24 19:45:00,81077124.48,49013.46,49241.73,48960.0,49032.36,92.41698038,4538282.052325822,49106.5822932682,56.950195941199205,49000.0
2021-02-24 19:50:00,73910911.64,49032.36,49172.73,48950.0,48957.3,82.57534116000001,4049783.2549732304,49043.49407562569,58.378329801361296,49054.74
2021-02-24 19:55:00,80424265.88,48952.66,49088.14,48900.0,48990.27,128.9244479,6313756.345654544,48972.52963651857,41.64795928201283,48972.16
2021-02-24 20:00:00,89966014.26,48990.27,49276.8,48870.8,49224.98,137.97520816,6765710.7412818335,49035.69874260396,129.12154188036882,49142.26
2021-02-24 20:05:00,62604417.76,49224.99,49227.05,49046.28,49059.13,67.56892611,3320407.548241045,49141.04366311122,51.072734858456336,49108.15
2021-02-24 20:10:00,70898097.25,49059.13,49239.7,49014.97,49204.33,135.99150716,6681584.272755258,49132.364309295284,54.38248391491982,49093.32
2021-02-24 20:15:00,61686386.8,49204.33,49208.52,48950.0,48950.01,75.55880203,3708774.926951076,49084.617904324856,52.75441832208847,48957.11
2021-02-24 20:20:00,88014756.32,48950.0,49030.0,48805.0,48838.06,133.34009578,6522572.648725114,48916.81388535082,54.84572750024449,48890.0
2021-02-24 20:25:00,86411781.36,48839.88,48909.78,48764.88,48898.07,86.86680806,4243041.802703075,48845.374861389544,37.65637429485843,48840.01
2021-02-24 20:30:00,101290370.62,48898.08,48898.08,48625.01,48722.33,162.95308656,7937767.02435152,48711.97712127289,56.22069201080265,48853.61
2021-02-24 20:35:00,88736360.41,48721.77,48894.69,48608.58,48889.19,141.33400415,6892139.51340018,48764.906611472245,66.75614017089515,48806.9
2021-02-24 20:40:00,73671405.48,48888.32,48997.6,48669.46,48671.82,89.96593986,4396083.776811429,48863.86763315506,97.62034788737843,48862.55
2021-02-24 20:45:00,75305431.34,48675.05,48896.25,48665.82,48885.63,138.04785676,6732164.815510648,48766.89123261581,61.18307962617581,48730.8
2021-02-24 20:50:00,70028307.69,48886.15,49002.5,48861.28,48987.51,111.87421261,5476380.800254716,48951.2343594828,37.220484172354766,48962.52
2021-02-24 20:55:00,91544713.43,48987.53,49259.65,48916.53,49174.4,126.91205299,6225784.5175876375,49055.89635429029,101.8614742468763,49148.1
2021-02-24 21:00:00,62528190.09,49174.41,49174.41,48956.2,48959.31,92.73135266999999,4551145.2762621995,49078.819031770305,56.950197916223225,49000.0
2021-02-24 21:05:00,80681977.95,48959.3,49000.0,48642.82,48736.99,127.56456825000001,6223857.133492728,48789.857707943345,72.62559190834192,48865.08
2021-02-24 21:10:00,77590959.45,48736.99,48736.99,48550.0,48552.08,71.31243954,3466419.205518189,48608.89948343211,42.270847982404405,48641.37
2021-02-24 21:15:00,100821495.33,48552.09,48644.47,48259.0,48275.01,154.83769042,7501654.875357325,48448.50665886937,98.20892280990314,48557.31
2021-02-24 21:20:00,116491899.05,48279.03,48579.0,48150.0,48509.74,171.73256126,8289830.866751672,48271.74768680598,107.83757334558442,48305.25
2021-02-24 21:25:00,86105333.84,48510.61,48510.61,48172.42,48173.98,118.1830794,5703353.86687381,48258.633095608864,76.84016690029382,48219.48
2021-02-24 21:30:00,75139923.22,48178.24,48327.04,48169.59,48326.41,115.77248567,5588326.950429824,48269.9055659813,36.87141986861884,48169.59
2021-02-24 21:35:00,81889184.49,48326.41,48550.0,48286.0,48418.26,78.00288291,3777763.9996656524,48431.08175917612,55.37711484588627,48434.65
2021-02-24 21:40:00,62852377.94,48429.29,48519.03,48382.0,48471.9,46.1438945,2236175.397430394,48460.916046659084,26.25737535447629,48477.21
2021-02-24 21:45:00,70369637.63,48475.1,48484.75,48212.59,48283.87,70.88760893,3428495.2193070576,48365.225898543475,77.7514127909127,48446.22
2021-02-24 21:50:00,86085653.54,48264.45,48379.4,48111.0,48376.5,100.10627633,4827800.013712136,48226.74652084061,56.262630682915486,48266.71
2021-02-24 21:55:00,106604086.2,48376.5,48935.04,48307.06,48757.56,109.55240445,5332238.451245488,48672.94769124976,155.48209925528704,48703.3
2021-02-24 22:00:00,76691424.1,48758.08,48760.22,48385.58,48450.55,71.02633841,3449458.633273334,48565.90823197603,91.24610553464606,48750.0
2021-02-24 22:05:00,77705145.73,48450.54,48528.24,48137.14,48150.01,60.50632914,2923013.2409638516,48309.21463109357,113.36354857291552,48306.97
2021-02-24 22:10:00,88254003.2,48150.01,48411.72,48078.62,48187.04,82.07919575,3958603.718788817,48229.075377956746,91.97240688282166,48365.0
2021-02-24 22:15:00,72427818.13,48187.05,48497.92,48183.4,48344.92,82.8307742,4008183.0270408634,48390.02249771152,74.29440456120975,48421.9
2021-02-24 22:20:00,107952222.5,48341.96,48479.87,48305.39,48479.29,91.1293899,4407542.525040589,48365.76355747762,47.689810522328315,48325.02
2021-02-24 22:25:00,112095703.03,48479.28,48710.27,48436.76,48710.06,78.65244603000001,3818649.173370868,48550.92709913103,79.87618959473212,48552.15
2021-02-24 22:30:00,107226127.43,48710.06,48929.03,48582.28,48921.53,144.94924212,7069460.351251294,48771.971814786426,93.04464343092336,48874.47
2021-02-24 22:35:00,88921286.19,48927.44,48987.38,48617.18,48707.98,93.19839326,4550346.598491737,48824.303073524214,108.18055048993834,48681.74
2021-02-24 22:40:00,58648181.45,48706.21,48815.0,48599.56,48599.56,53.86731825,2623783.7549984804,48708.267651666145,37.700090245632516,48616.94
2021-02-24 22:45:00,62992080.85,48599.55,48755.38,48500.0,48705.48,62.67696702,3047885.4317874885,48628.47672279546,67.4040917376901,48723.12
2021-02-24 22:50:00,61617199.14,48705.48,48850.0,48699.18,48849.99,57.82716978,2820836.678825445,48780.47273551774,40.55904042823368,48847.27
2021-02-24 22:55:00,60351105.28,48849.99,48934.96,48739.56,48850.4,38.05944539,1859775.9090375425,48865.029166352295,42.33856591891081,48765.23
2021-02-24 23:00:00,88494401.19,48842.66,49261.52,48775.05,49191.95,124.20028032,6091449.777459524,49045.3786558694,157.66219399364041,49211.98
2021-02-24 23:05:00,93608663.6,49191.95,49549.5,49171.32,49458.89,108.46210504,5361268.412422143,49429.876088473,77.91381053709188,49428.7
2021-02-24 23:10:00,66471667.08,49452.93,49452.93,49263.56,49398.7,72.63932962,3584398.439451222,49345.14756953812,38.01337093026138,49350.02
2021-02-24 23:15:00,78784898.86,49394.62,49394.62,49114.91,49191.93,114.50548722,5640003.768038643,49255.31435190065,49.15638355345953,49246.16
2021-02-24 23:20:00,73675743.52,49191.93,49480.28,49191.93,49367.01,67.25737474,3319446.076875607,49354.38068624811,66.47425645867956,49380.57
2021-02-24 23:25:00,58995830.62,49367.01,49503.66,49241.4,49360.0,63.1873846,3121302.772981944,49397.562389090315,68.66136585127057,49419.59
2021-02-24 23:30:00,68110435.27,49359.99,49559.06,49359.99,49398.17,53.78952161,2660027.748381544,49452.526603007,45.483294704159235,49400.43
2021-02-24 23:35:00,78750861.74,49398.17,49762.44,49383.22,49609.33,52.44063438,2602179.8897326817,49621.44185511819,76.5794032696215,49644.53
2021-02-24 23:40:00,60640711.82,49586.1,49639.62,49500.0,49609.76,44.32908585,2198120.852522794,49586.42413607982,39.84710841570691,49627.49
2021-02-24 23:45:00,64257716.93,49609.77,49788.0,49568.88,49713.82,46.6943526,2320043.9558754945,49685.750560668326,43.021055523811626,49600.0
2021-02-24 23:50:00,91160378.36,49717.03,49751.92,49525.99,49600.64,157.68117682,7827952.5390280215,49644.17882271371,47.1576881423539,49643.97
2021-02-24 23:55:00,68732516.17,49600.65,49750.0,49527.97,49737.82,81.82282587,4060674.4976119865,49627.6491851257,61.97264213128617,49629.87
