timestamp,Price [Mdâ‚¬],price_open,price_high,price_low,price_close,Amount [BTC],weighted_volume,all_vwap,sigma,all_vwmp (upper)
2021-02-24 00:00:00,0.35,48899.99,49130.5,48539.0,48624.42,583.09,28503138.08663751,48882.58,141.04,48828.35
2021-02-24 00:05:00,0.17,48593.69,48775.75,48465.0,48633.92,228.28,11097360.553812087,48612.32,57.69,48661.84
2021-02-24 00:10:00,0.29,48632.41,48899.6,48075.0,48142.8,373.77,18103256.642204814,48434.17,137.62,48472.9
2021-02-24 00:15:00,0.42,48154.657,48167.2,47518.0,47800.99,632.62,30240904.35033609,47802.74,150.79,47734.6
2021-02-24 00:20:00,0.5,47752.0,47830.93,46902.0,47104.64,788.51,37304025.36537579,47309.6,217.6,47365.74
2021-02-24 00:25:00,0.25,47025.0,47378.95,46980.0,47260.0,500.8,23644187.506515004,47212.42,78.2,47160.76
2021-02-24 00:30:00,0.27,47257.14,47736.0,47166.0,47668.1,388.64,18466186.0894031,47514.7,107.96,47426.26
2021-02-24 00:35:00,0.19,47664.14,47845.65,47528.0,47728.49,243.02,11591260.538776575,47695.81,60.5,47584.9
2021-02-24 00:40:00,0.19,47728.49,47899.99,47571.99,47734.83,251.28,11994221.13124271,47732.63,59.16,47716.5
2021-02-24 00:45:00,0.15,47749.12,48000.0,47707.0,47767.19,137.15,6558640.718876309,47820.75,49.1,47870.8
2021-02-24 00:50:00,0.24,47773.75,48250.0,47704.0,48200.0,172.11,8254533.687602039,47960.78,148.79,47900.0
2021-02-24 00:55:00,0.22,48200.0,48526.33,48133.0,48498.9,224.57,10857617.195999984,48347.8,86.66,48472.1
2021-02-24 01:00:00,0.23,48499.0,48729.76,48412.0,48556.69,317.75,15435527.888672449,48578.08,65.79,48661.5
2021-02-24 01:05:00,0.25,48509.03,48910.307,48492.78,48824.0,249.32,12153276.961380672,48745.62,79.38,48629.0
2021-02-24 01:10:00,0.23,48840.57,49000.0,48643.1,48758.8,432.65,21127662.307302877,48833.31,75.45,48899.0
2021-02-24 01:15:00,0.24,48758.8,49112.8,48705.499,49033.55,445.25,21803014.34499058,48968.35,73.79,49103.8
2021-02-24 01:20:00,0.28,49014.25,49225.07,48855.0,49219.59,341.56,16751089.520566719,49042.32,72.0,49152.0
2021-02-24 01:25:00,0.3,49167.366966,49380.0,49094.24,49200.0,424.19,20896701.82477277,49262.05,61.76,49300.0
2021-02-24 01:30:00,0.26,49214.39,49237.6,48732.8,49012.0,307.52,15067007.847389607,48995.68,111.88,48981.4
2021-02-24 01:35:00,0.24,48990.05,49336.48,48896.0,49285.0,205.97,10125559.284158159,49161.15,103.87,49285.3
2021-02-24 01:40:00,0.46,49306.75,49914.25,49282.62,49732.09,754.15,37433862.561818935,49637.34,157.2,49750.0
2021-02-24 01:45:00,0.29,49699.0,49979.66,49650.0,49821.0,375.85,18723786.765821546,49817.46,70.36,49775.8
2021-02-24 01:50:00,0.28,49828.75,49900.0,49500.0,49813.98,425.89,21167628.080870092,49701.98,77.7,49713.0
2021-02-24 01:55:00,0.42,49813.98,50353.43,49571.0,50236.98,558.97,27945465.958518643,49994.27,153.72,50000.0
2021-02-24 02:00:00,0.56,50224.22,50597.47,49839.5,50588.9,834.27,41925518.170506746,50254.3,186.46,50159.4
2021-02-24 02:05:00,0.37,50588.91,50820.16,50211.0,50326.0,602.9,30418479.848699827,50453.41,86.75,50394.0
2021-02-24 02:10:00,0.31,50359.91,50396.66,49960.19,50324.93,312.61,15688301.774160197,50185.51,99.85,50045.7
2021-02-24 02:15:00,0.28,50343.82,50383.95,49890.0,50100.0,338.67,16959561.679352544,50077.18,121.3,49955.0
2021-02-24 02:20:00,0.24,50100.0,50171.748,49781.14,49857.97,284.8,14228830.982465982,49960.47,90.45,49844.7
2021-02-24 02:25:00,0.25,49857.98,50184.28,49836.7,50042.36,295.96,14800554.885874463,50009.06,82.57,50039.5
2021-02-24 02:30:00,0.27,50054.3,50380.0,50031.0,50225.1,291.36,14638085.708111128,50240.9,82.74,50123.8
2021-02-24 02:35:00,0.25,50228.51,50490.058,50198.25,50356.93,325.8,16418377.934576783,50393.99,57.3,50401.6
2021-02-24 02:40:00,0.26,50357.69,50399.99,50027.0,50095.2,355.39,17845333.6158542,50213.65,96.04,50290.7
2021-02-24 02:45:00,0.24,50097.12,50472.25,50083.96,50337.77,273.28,13752552.458096663,50323.75,78.18,50165.3
2021-02-24 02:50:00,0.2,50354.92,50456.42,50199.68,50374.23,231.37,11643240.517521458,50322.31,40.69,50274.18
2021-02-24 02:55:00,0.21,50374.56,50485.11,50110.0,50220.01,260.76,13115368.70919961,50297.26,75.43,50371.8
2021-02-24 03:00:00,0.21,50190.12,50573.39,50042.0,50424.0,243.2,12236230.146071957,50313.8,121.29,50379.9
2021-02-24 03:05:00,0.25,50452.14,50573.45,50255.0,50363.25,329.73,16645978.813583361,50483.56,69.39,50500.0
2021-02-24 03:10:00,0.21,50325.6,50540.0,50233.0,50447.48,296.49,14942283.955261726,50397.22,61.37,50379.19
2021-02-24 03:15:00,0.18,50433.09,50523.362,50206.0,50484.52,214.3,10791515.205728415,50356.23,65.04,50506.06
2021-02-24 03:20:00,0.16,50484.52,50513.89,50214.0,50318.39,225.62,11362150.08936014,50359.01,52.03,50350.0
2021-02-24 03:25:00,0.16,50318.39,50351.45,50161.0,50284.21,204.41,10278431.854383966,50282.82,40.15,50299.95
2021-02-24 03:30:00,0.14,50286.6,50391.84,50207.0,50384.29,166.74,8384714.806258875,50285.85,28.69,50278.5
2021-02-24 03:35:00,0.17,50384.29,50550.0,50236.75,50550.0,176.6,8901494.781869778,50404.0,55.51,50450.0
2021-02-24 03:40:00,0.16,50539.0,50576.389,50344.0,50448.5,179.93,9083336.103510393,50481.56,51.15,50444.3
2021-02-24 03:45:00,0.26,50448.28,50777.0,50270.0,50746.45,268.21,13545487.914196385,50502.44,125.2,50441.18
2021-02-24 03:50:00,0.28,50733.9,50940.04,50674.0,50835.25,397.94,20222639.68010508,50818.78,61.76,50894.39
2021-02-24 03:55:00,0.26,50866.69,51001.0,50800.0,50932.71,372.22,18956630.078839347,50927.97,44.09,50941.6
2021-02-24 04:00:00,0.3,50929.46,51200.0,50900.0,51052.01,494.54,25240516.87938621,51037.95,52.16,51052.0
2021-02-24 04:05:00,0.25,51050.62,51285.34,50988.0,51222.13,415.74,21279393.357927054,51184.55,62.57,51244.0
2021-02-24 04:10:00,0.25,51253.2,51459.51,51129.0,51309.47,405.73,20797790.004928708,51260.35,44.65,51230.0
2021-02-24 04:15:00,0.32,51318.92,51409.0,50894.0,51021.41,499.55,25548997.115625523,51143.78,143.91,51000.0
2021-02-24 04:20:00,0.24,50985.0,51200.33,50814.87,51039.4,241.45,12307638.78505323,50973.71,79.63,50900.0
2021-02-24 04:25:00,0.25,51057.13,51121.722,50647.0,50701.0,307.33,15628348.073025672,50851.88,118.6,50764.0
2021-02-24 04:30:00,0.18,50721.08,50930.21,50647.0,50794.93,238.18,12095247.482654437,50781.24,53.59,50819.8
2021-02-24 04:35:00,0.21,50774.66,50886.28,50576.0,50653.42,221.67,11239529.480697598,50703.09,61.03,50736.8
2021-02-24 04:40:00,0.26,50641.17,50660.33,50328.0,50365.76,369.45,18652519.62123761,50486.98,79.65,50527.8
2021-02-24 04:45:00,0.15,50342.26,50729.91,50342.26,50718.47,251.34,12715951.22851785,50593.07,80.23,50380.0
2021-02-24 04:50:00,0.22,50718.956,51002.277,50665.5,50898.25,317.07,16130433.262426391,50873.43,67.68,50920.0
2021-02-24 04:55:00,0.19,50900.97,50960.267,50510.0,50650.86,240.47,12204245.75146323,50750.59,89.95,50811.0
2021-02-24 05:00:00,0.17,50611.0,50956.67,50611.0,50884.56,285.39,14507363.82561022,50833.3,63.3,50900.1
2021-02-24 05:05:00,0.18,50884.56,51064.836108,50861.0,50939.88,253.3,12904622.391606072,50945.6,45.31,50905.0
2021-02-24 05:10:00,0.17,50939.88,51000.0,50560.98,50631.0,223.45,11345724.354657058,50775.17,90.52,50860.9
2021-02-24 05:15:00,0.26,50632.18,50706.049,50189.0,50248.5,287.25,14481145.644900033,50412.45,121.69,50384.7
2021-02-24 05:20:00,0.29,50236.46,50450.25,49978.89,50107.75,426.61,21393728.280338254,50147.67,106.03,50261.19
2021-02-24 05:25:00,0.2,50107.75,50448.83,49941.0,50394.38,250.05,12547928.318167182,50181.61,107.61,50133.5
2021-02-24 05:30:00,0.17,50394.38,50416.47,50139.0,50319.9,182.51,9176854.917341916,50282.55,56.91,50252.3
2021-02-24 05:35:00,0.13,50314.61,50543.5,50229.0,50502.98,125.23,6315216.534324712,50428.47,78.28,50499.9
2021-02-24 05:40:00,0.16,50493.28,50554.59,50228.0,50427.5,176.61,8899280.411667218,50389.57,80.11,50500.0
2021-02-24 05:45:00,0.14,50393.29,50543.619,50228.49348594,50277.68,115.08,5799620.990681956,50394.94,77.8,50310.7
2021-02-24 05:50:00,0.13,50282.91,50505.34,50210.0,50356.8,153.77,7743546.354283898,50357.82,64.68,50375.7
2021-02-24 05:55:00,0.14,50346.15,50457.959,50124.0,50166.0,140.5,7066418.596707619,50296.38,81.35,50397.3
2021-02-24 06:00:00,0.17,50264.18,50605.98,50161.0,50554.119,191.67,9670063.492329217,50451.45,84.4,50499.9
2021-02-24 06:05:00,0.19,50516.93,50710.31,50387.39,50493.41,325.13,16435877.352963734,50550.96,68.45,50650.1
2021-02-24 06:10:00,0.43,50494.45,50583.69,49330.0,49755.99,686.38,34243017.10277082,49889.13,273.32,50000.0
2021-02-24 06:15:00,0.34,49735.0,49954.83,49210.0,49639.0,743.64,36870533.93537519,49580.9,148.95,49661.4
2021-02-24 06:20:00,0.19,49667.24,50180.1,49514.0,50050.48,228.67,11405677.071878409,49878.07,173.7,49675.7
2021-02-24 06:25:00,0.24,50101.89,50140.75,49345.0,49665.03,290.08,14437224.980063796,49769.27,166.32,50000.0
2021-02-24 06:30:00,0.21,49658.53,49951.94,49524.08,49810.57,309.55,15405128.366339946,49766.88,90.15,49806.4
2021-02-24 06:35:00,0.15,49813.51,49949.4,49527.57954753,49865.61,217.16,10796989.457596714,49719.4,88.24,49700.0
2021-02-24 06:40:00,0.15,49864.78,50073.44,49655.0,50037.4,161.79,8070378.712362342,49880.53,85.64,49924.1
2021-02-24 06:45:00,0.2,50058.52,50551.92,49958.0,50235.21,213.87,10737515.546704657,50204.86,110.24,50086.3
2021-02-24 06:50:00,0.12,50238.85,50262.75,49884.0,49961.3,138.11,6908960.03239954,50024.24,74.53,49893.0
2021-02-24 06:55:00,0.11,49954.01,50179.0,49860.0,50099.64,136.01,6807130.87481205,50050.01,57.15,50000.0
2021-02-24 07:00:00,0.09,50098.05,50206.4,49868.0,50006.88,76.8,3842776.8504844005,50033.48,72.96,50139.61
2021-02-24 07:05:00,0.15,50011.74,50117.45,49682.0,49821.73,139.57,6963898.294738935,49896.75,106.75,49895.7
2021-02-24 07:10:00,0.17,49821.72,49889.83,49476.0,49548.22,140.18,6969912.141946196,49722.83,95.37,49829.1
2021-02-24 07:15:00,0.14,49539.4,49878.5,49472.0,49717.12,150.3,7463245.6519526,49654.25,95.79,49600.0
2021-02-24 07:20:00,0.1,49711.78,50053.5,49658.0,49974.05,84.3,4206891.286476145,49904.89,81.77,50000.0
2021-02-24 07:25:00,0.16,49989.18,50013.5,49582.13177446,49696.16,171.68,8547701.905293828,49788.31,120.08,49887.07
2021-02-24 07:30:00,0.12,49712.25,50077.0,49659.0,49972.35,114.07,5694835.203722404,49925.02,75.34,49865.6
2021-02-24 07:35:00,0.16,49972.2,50251.5,49861.13,50141.45,189.09,9469110.08428672,50076.68,81.36,49960.0
2021-02-24 07:40:00,0.08,50112.72,50205.51,49977.0,50088.56,81.64,4089302.9167750245,50086.86,41.77,50128.3
2021-02-24 07:45:00,0.14,50079.9,50273.97,49922.0,50148.0,111.97,5612577.717879942,50125.2,68.85,50092.6
2021-02-24 07:50:00,0.14,50169.62,50374.4,50031.0,50100.0,200.42,10067574.96568267,50232.72,75.58,50265.07
2021-02-24 07:55:00,0.08,50127.08,50245.5,50033.7360664,50082.62,103.58,5193858.712114775,50142.38,39.87,50107.0
2021-02-24 08:00:00,0.19,50090.93,50239.0,49770.5,50208.48,269.72,13501801.381674146,50057.77,111.62,49880.8
2021-02-24 08:05:00,0.16,50211.66,50514.5,50115.79,50483.5,157.66,7933592.767600628,50321.16,95.47,50450.0
2021-02-24 08:10:00,0.12,50440.0,50530.67,50315.0,50496.62,142.75,7198168.247467232,50425.55,41.6,50391.7
2021-02-24 08:15:00,0.35,50500.0,50944.0,50484.0,50780.0,539.92,27410118.48833515,50767.44,126.63,50774.4
2021-02-24 08:20:00,0.14,50773.21,50795.44,50554.0,50668.06,208.21,10556606.937881544,50700.88,54.29,50662.3
2021-02-24 08:25:00,0.14,50689.42,50761.09,50530.0,50643.76,195.45,9900617.607809087,50656.59,45.66,50633.0
2021-02-24 08:30:00,0.16,50643.59,51089.72,50636.08,50701.9,203.22,10326654.681310691,50814.87,62.76,50900.0
2021-02-24 08:35:00,0.14,50715.69,50875.97,50617.0,50732.21,153.91,7809285.55697629,50737.71,48.59,50700.0
2021-02-24 08:40:00,0.18,50752.35,50765.14,50356.0,50433.83,224.13,11337277.67781139,50582.42,98.22,50500.0
2021-02-24 08:45:00,0.15,50442.91,50623.2,50287.0,50456.0,237.37,11975239.870558774,50449.2,63.79,50437.67
2021-02-24 08:50:00,0.11,50492.94,50743.14,50435.0,50690.1,145.85,7379513.751450902,50597.24,67.89,50675.0
2021-02-24 08:55:00,0.11,50665.54,50785.03,50568.0,50666.7,146.59,7429248.338978834,50681.46,37.17,50713.9
2021-02-24 09:00:00,0.13,50659.75,50715.04,50359.0,50492.19,142.26,7192013.925314671,50557.05,78.39,50671.3
2021-02-24 09:05:00,0.12,50493.5,50643.07,50370.0,50480.17,158.44,8006265.732509925,50531.47,52.87,50564.5
2021-02-24 09:10:00,0.12,50400.0,50619.76,50293.0,50615.0,128.81,6503731.593346272,50491.22,77.23,50535.5
2021-02-24 09:15:00,0.24,50609.49,51000.0,50500.0,50938.26,260.22,13222531.953687543,50812.29,120.02,50900.0
2021-02-24 09:20:00,0.14,50924.59,51058.84,50671.0,50762.61,250.76,12757218.346684942,50874.81,64.74,50978.76
2021-02-24 09:25:00,0.14,50782.43,50908.87,50608.0,50787.29,165.01,8382012.703277471,50797.79,62.27,50801.0
2021-02-24 09:30:00,0.17,50797.05,51092.0,50695.0,50861.42,188.87,9617681.52521635,50921.56,75.14,50724.0
2021-02-24 09:35:00,0.29,50856.48,51264.0,50729.0,51156.0,486.52,24797934.64510072,50969.53,132.36,51150.0
2021-02-24 09:40:00,0.24,51156.0,51449.5,51011.0,51332.76,380.87,19523818.930616677,51261.75,85.83,51232.9
2021-02-24 09:45:00,0.22,51334.17,51387.961,50868.0,50980.03,216.89,11097032.935057243,51164.42,97.51,51166.1
2021-02-24 09:50:00,0.12,50987.39,51124.809,50794.0,50796.0,117.12,5964880.136242014,50927.95,60.18,51003.9
2021-02-24 09:55:00,0.08,50935.97,51014.999,50794.0,50900.68,75.54,3845059.6069483655,50897.7,41.54,50899.9
2021-02-24 10:00:00,0.11,50900.0,51088.359,50793.0,50799.0,177.1,9020863.566259239,50935.17,60.66,50938.4
2021-02-24 10:05:00,0.18,50897.91,51057.248,50620.0,50981.9,232.97,11845168.25408035,50843.62,102.53,50932.5
2021-02-24 10:10:00,0.17,50993.08,51028.288,50525.0,50700.1,155.03,7867909.3728356855,50750.7,107.86,50667.5
2021-02-24 10:15:00,0.2,50663.5,50714.107,50217.0,50463.0,264.64,13361026.266272854,50487.2,111.19,50630.7
2021-02-24 10:20:00,0.22,50565.5,50792.58,50171.0,50262.43,304.28,15366022.996730033,50499.0,143.61,50610.2
2021-02-24 10:25:00,0.19,50254.99,50575.29,50052.0,50474.9,284.79,14351351.023520371,50393.36,137.4,50251.0
2021-02-24 10:30:00,0.14,50442.21,50671.5,50345.0,50526.86,252.87,12777968.423320992,50531.8,75.17,50652.87
2021-02-24 10:35:00,0.15,50534.22,50578.7,50162.0,50377.946,177.25,8923821.624422891,50344.59,72.67,50312.68
2021-02-24 10:40:00,0.1,50361.3,50614.5,50265.0,50450.0,131.17,6623092.074708965,50491.72,81.62,50501.05
2021-02-24 10:45:00,0.09,50579.91,50647.75,50407.0,50549.66,148.97,7527462.068859222,50528.63,52.72,50550.6
2021-02-24 10:50:00,0.13,50540.0,50611.92,50250.0,50407.68,113.1,5709917.761316429,50486.69,94.28,50600.0
2021-02-24 10:55:00,0.2,50413.63,50460.16,50050.0,50150.1,239.2,12022513.485846141,50260.48,103.09,50158.3
2021-02-24 11:00:00,0.14,50127.96,50545.44,50057.0,50453.6,180.64,9093692.20837646,50342.9,100.55,50231.77
2021-02-24 11:05:00,0.12,50469.61,50653.5,50350.0,50530.32,146.9,7422701.180602823,50529.46,50.72,50546.9
2021-02-24 11:10:00,0.11,50526.66,50628.01,50350.0,50443.75,121.77,6151169.414086514,50516.47,55.78,50599.6
2021-02-24 11:15:00,0.12,50453.12,50500.761,50208.0,50347.44,142.09,7159363.454307473,50387.44,68.55,50372.8
2021-02-24 11:20:00,0.19,50358.18,50928.0,50277.0,50861.17,165.14,8353315.404358779,50583.77,159.54,50773.66
2021-02-24 11:25:00,0.1,50869.28,50957.67,50658.0,50777.86,120.77,6134619.0752426535,50795.85,50.13,50837.75
2021-02-24 11:30:00,0.11,50777.86,50903.97,50594.0,50697.49,104.27,5291123.4270691695,50744.58,61.57,50720.39
2021-02-24 11:35:00,0.1,50686.49,50790.249,50574.0,50625.91,132.63,6721617.674782473,50681.35,39.59,50686.13
2021-02-24 11:40:00,0.17,50640.42,50715.528,50315.59,50400.25,208.71,10536304.656848101,50483.17,96.68,50532.9
2021-02-24 11:45:00,0.09,50386.23,50522.39,50275.0,50389.34,117.3,5911626.115649567,50397.04,52.43,50400.0
2021-02-24 11:50:00,0.13,50385.22,50434.55,50200.0,50337.25,146.43,7367435.095381643,50313.07,49.71,50366.0
2021-02-24 11:55:00,0.08,50328.87,50447.5,50275.0,50380.0,141.77,7139984.068159805,50363.97,28.7,50392.2
2021-02-24 12:00:00,0.14,50379.99,50665.5,50337.0,50556.0,148.95,7523248.046681964,50509.81,73.59,50599.4
2021-02-24 12:05:00,0.16,50603.66,50807.55,50450.0,50531.39,192.77,9762027.94175434,50641.77,75.45,50738.2
2021-02-24 12:10:00,0.17,50557.5,50877.05,50324.99,50826.97,124.34,6288475.850371366,50573.75,143.38,50758.39
2021-02-24 12:15:00,0.17,50850.0,50994.0,50711.0,50772.5,264.72,13461465.762970025,50852.43,55.7,50912.0
2021-02-24 12:20:00,0.28,50768.61,51204.03,50516.28,51127.27,423.73,21605886.79355381,50989.92,96.42,50949.07
2021-02-24 12:25:00,0.2,51122.21,51227.0,50858.14,51132.5,327.65,16740313.52506446,51091.79,58.25,51020.39
2021-02-24 12:30:00,0.21,51162.91,51287.66,50985.0,51249.9,322.39,16488250.045339001,51144.41,54.34,51218.9
2021-02-24 12:35:00,0.16,51279.51,51364.74,51007.0,51195.26,267.24,13681105.02919881,51194.24,59.66,51136.3
2021-02-24 12:40:00,0.16,51213.45,51236.81,50829.0,50906.76,293.29,14971721.479351172,51046.66,94.61,50931.0
2021-02-24 12:45:00,0.13,50899.0,51101.04,50860.0,51032.74,251.92,12841219.701577783,50974.07,56.46,51000.0
2021-02-24 12:50:00,0.15,51032.74,51076.42,50771.0,50849.99,256.68,13069883.328491747,50918.21,74.53,50874.4
2021-02-24 12:55:00,0.2,50850.0,50911.659,50603.0,50746.3,379.5,19264224.84963006,50761.62,63.46,50676.4
2021-02-24 13:00:00,0.17,50738.3,51123.31,50715.0,50972.5,257.34,13110351.028660672,50946.42,95.64,50825.0
2021-02-24 13:05:00,0.28,50972.5,50984.79,50459.5,50571.5,597.76,30255595.75284236,50615.16,96.7,50600.0
2021-02-24 13:10:00,0.2,50566.01,50749.42,50367.5,50441.83,369.38,18666176.47401352,50534.39,81.72,50462.5
2021-02-24 13:15:00,0.66,50440.0,50480.0,49522.74,49684.376,1312.24,65500895.84705679,49915.31,204.8,50000.0
2021-02-24 13:20:00,0.35,49567.52,50019.53,49329.0,49834.71,690.01,34288121.83813873,49692.09,154.72,49958.4
2021-02-24 13:25:00,0.25,49839.01,50007.44,49508.0,49621.93,417.94,20819048.06798358,49813.69,125.72,49757.9
2021-02-24 13:30:00,0.54,49620.0,49817.68,48940.12,49200.25,1073.71,52934703.16056888,49300.96,179.24,49324.5
2021-02-24 13:35:00,0.3,49124.84,49580.254,49096.06,49227.09,577.64,28500418.441247247,49339.77,96.45,49451.22
2021-02-24 13:40:00,0.19,49256.56,49578.01,49235.0,49455.0,357.88,17691803.730266046,49435.32,61.16,49446.7
2021-02-24 13:45:00,0.26,49473.44,49898.5,49276.5,49745.18,383.74,19027037.68514599,49582.95,172.81,49699.0
2021-02-24 13:50:00,0.14,49745.19,49788.35,49472.5,49666.0,201.39,9996875.881807186,49640.05,74.96,49703.91
2021-02-24 13:55:00,0.19,49660.54,49662.662,49333.5,49479.41,279.14,13811241.943321679,49477.09,57.61,49485.0
2021-02-24 14:00:00,0.18,49480.2,49811.25,49479.4,49776.92,215.09,10683069.985033244,49668.58,66.55,49678.2
2021-02-24 14:05:00,0.24,49757.36,49796.76,49256.0,49338.54,214.87,10637059.797984,49504.68,145.93,49412.4
2021-02-24 14:10:00,0.24,49359.09,49476.099,49100.7,49434.83,249.98,12318814.858186638,49278.63,76.61,49345.0
2021-02-24 14:15:00,0.17,49415.0,49677.5,49287.49,49622.75,199.71,9882666.293189127,49485.39,92.07,49449.4
2021-02-24 14:20:00,0.14,49637.0,49670.309,49357.0,49420.5,193.58,9588794.174011257,49534.52,64.98,49449.4
2021-02-24 14:25:00,0.15,49412.31,49554.48,49253.0,49492.97,190.37,9410376.555870004,49431.42,56.18,49386.8
2021-02-24 14:30:00,0.22,49483.59,49713.864,49350.0,49380.43,303.42,15027960.363159658,49529.14,89.67,49430.1
2021-02-24 14:35:00,0.24,49375.14,49438.5,49092.3,49344.89,351.7,17331333.520968225,49279.37,70.99,49201.0
2021-02-24 14:40:00,0.44,49336.69,49409.878,48691.6,48763.07,628.88,30819208.126095545,49006.11,162.39,48975.8
2021-02-24 14:45:00,0.27,48777.01,49284.98,48730.24,49187.77,501.2,24578614.055350274,49039.41,118.22,49200.0
2021-02-24 14:50:00,0.22,49177.75,49219.0,48890.36,49043.12,380.9,18688219.380100813,49063.81,69.68,49069.9
2021-02-24 14:55:00,0.22,49045.15,49473.15,49035.07,49427.61,386.4,19029346.719970427,49247.74,109.78,49149.8
2021-02-24 15:00:00,0.24,49430.41,49670.727,49361.0,49512.38,280.98,13917876.829882711,49532.8,64.99,49615.1
2021-02-24 15:05:00,0.18,49530.92,49546.0,49123.7,49194.17,191.35,9445016.865441544,49360.96,99.02,49236.0
2021-02-24 15:10:00,0.27,49198.52,49221.136,48837.86,48935.05,286.26,14031582.892480101,49016.78,83.3,49000.0
2021-02-24 15:15:00,0.31,48940.33,49143.999,48655.0,48712.39,368.07,17990169.56092453,48876.6,109.44,48773.04
2021-02-24 15:20:00,0.45,48720.0,48896.9,48350.0,48834.5,650.7,31617151.739269223,48589.3,88.62,48555.0
2021-02-24 15:25:00,0.24,48826.37,49252.929,48773.39,49178.48,299.8,14700064.906626813,49032.95,103.69,49118.7
2021-02-24 15:30:00,0.23,49171.11,49406.76,48883.1808809,49300.72,373.64,18380045.572735537,49191.7,106.23,49341.96
2021-02-24 15:35:00,0.24,49300.72,49632.09,49273.50000057,49417.82,357.34,17693044.588506784,49513.34,68.46,49484.2
2021-02-24 15:40:00,0.21,49416.8,49460.0,49136.0,49277.63,364.64,17983727.81954881,49319.08,67.61,49350.0
2021-02-24 15:45:00,0.26,49282.56,49753.3,49242.0,49516.62,295.09,14621935.35317665,49550.75,98.48,49610.3
2021-02-24 15:50:00,0.15,49497.88,49666.23,49493.23,49573.0,176.73,8761997.951527545,49578.17,29.61,49552.0
2021-02-24 15:55:00,0.25,49574.38,49916.8,49555.0,49850.22,324.66,16159390.56990925,49773.6,84.56,49618.0
2021-02-24 16:00:00,0.34,49847.54,50314.08,49759.0,49899.0743244,474.43,23712224.207530208,49980.12,83.75,49999.6
2021-02-24 16:05:00,0.22,49890.37,50036.72,49757.0,49887.7,338.62,16899189.42494582,49905.8,63.83,49814.6
2021-02-24 16:10:00,0.17,49845.73226244,49935.19,49620.0,49762.0,299.91,14920739.416059215,49750.52,52.74,49736.0
2021-02-24 16:15:00,0.15,49750.0,49849.019,49551.0,49599.49,184.85,9181989.329032203,49673.12,45.42,49650.0
2021-02-24 16:20:00,0.22,49597.29,49877.72,49365.0,49554.63,259.81,12890434.006689806,49614.22,116.63,49477.09
2021-02-24 16:25:00,0.13,49568.98,49679.999,49450.0,49510.21,123.84,6138580.5915652625,49569.12,49.8,49586.7
2021-02-24 16:30:00,0.14,49536.01,49821.319,49472.96,49685.0,177.45,8812116.645208182,49660.42,79.85,49515.5
2021-02-24 16:35:00,0.15,49691.91,49907.16,49647.0,49750.0,147.5,7342133.459357008,49777.02,44.98,49815.0
2021-02-24 16:40:00,0.12,49751.94,49791.5,49571.044818,49625.57,119.93,5955751.47944709,49661.08,38.68,49698.6
2021-02-24 16:45:00,0.13,49625.57,49704.96,49518.0,49653.17,113.02,5608298.292791151,49624.07,45.03,49647.91
2021-02-24 16:50:00,0.16,49670.29,49830.61,49462.0,49600.4,131.88,6553641.871657125,49692.89,88.8,49660.0
2021-02-24 16:55:00,0.18,49600.0,49635.5,49298.688164,49330.0,150.35,7434810.108605563,49449.44,83.69,49426.2
2021-02-24 17:00:00,0.13,49371.49,49668.22,49313.0,49643.79,129.82,6425345.139877281,49492.74,93.71,49521.8
2021-02-24 17:05:00,0.23,49647.44,50005.2,49512.81255633,49971.0,223.83,11147635.866624584,49803.07,131.0,49690.11
2021-02-24 17:10:00,0.15,49950.17,50016.49,49710.0,49787.34,171.0,8527073.968702896,49866.67,65.74,49901.9
2021-02-24 17:15:00,0.13,49756.0,49940.32,49754.0,49898.5,132.43,6602500.537543038,49857.79,31.49,49908.5
2021-02-24 17:20:00,0.13,49888.8,49983.28,49815.0,49920.02,127.68,6370607.456489873,49894.71,32.85,49878.43
2021-02-24 17:25:00,0.14,49935.46,49935.46,49700.0,49738.96,153.77,7661100.845477543,49821.6,50.29,49779.5
2021-02-24 17:30:00,0.16,49744.8,49923.24,49611.0,49701.95,140.65,6994491.128841314,49729.66,67.37,49834.9
2021-02-24 17:35:00,0.13,49719.98,49877.48,49629.0,49774.96,178.02,8852317.54254962,49725.31,55.68,49700.0
2021-02-24 17:40:00,0.12,49774.96,49948.2,49720.84783182,49901.88,114.17,5692178.046981128,49855.48,47.84,49760.5
2021-02-24 17:45:00,0.1,49900.43,49939.83,49764.0,49819.12,135.97,6777831.975185304,49848.52,36.13,49812.9
2021-02-24 17:50:00,0.1,49819.12,49903.75,49775.0,49886.35,116.87,5825153.300984851,49841.57,19.22,49827.6
2021-02-24 17:55:00,0.2,49860.0,50126.6,49811.0,50081.0,282.26,14109906.066944836,49988.5,70.8,49835.12
2021-02-24 18:00:00,0.15,50096.69,50171.79,49931.0730084,49997.94,207.79,10394103.02908537,50022.82,32.96,50016.5
2021-02-24 18:05:00,0.18,49989.0,50020.25,49711.0,49884.71,222.47,11092555.176981274,49861.58,66.35,49800.0
2021-02-24 18:10:00,0.17,49884.7,49949.56,49625.0,49684.08,172.83,8596886.083922151,49741.31,79.91,49713.0
2021-02-24 18:15:00,0.16,49684.08,49849.47,49552.5,49589.59,188.18,9352298.643802477,49699.89,69.35,49700.0
2021-02-24 18:20:00,0.13,49589.59,49694.09,49510.0,49676.87,169.54,8407123.003894705,49587.76,30.02,49579.61
2021-02-24 18:25:00,0.1,49676.87,49755.88,49631.0,49685.15,118.46,5886725.106275661,49694.61,24.84,49700.0
2021-02-24 18:30:00,0.14,49685.14,49961.4,49644.5,49930.0,149.31,7439400.29712127,49824.99,78.66,49680.21
2021-02-24 18:35:00,0.13,49952.15,50044.5,49882.0,49898.0,124.06,6197456.687775248,49955.72,30.02,49984.0
2021-02-24 18:40:00,0.11,49940.0,49971.89,49835.0,49895.54,167.1,8337714.4311499735,49896.18,24.7,49900.1
2021-02-24 18:45:00,0.12,49907.5,49908.241,49748.0,49854.42,173.95,8665423.79559142,49815.28,31.19,49790.05
2021-02-24 18:50:00,0.14,49876.2,49876.5,49661.0,49703.25,128.13,6373689.740290717,49742.8,46.63,49779.0
2021-02-24 18:55:00,0.14,49713.4,49772.26,49579.819,49619.18,128.95,6402697.460488382,49651.89,45.04,49612.75
2021-02-24 19:00:00,0.14,49631.06,49748.4,49584.993,49629.54,156.22,7757534.163184205,49657.08,36.1,49653.0
2021-02-24 19:05:00,0.23,49630.63,49644.51,49280.0,49396.52,267.66,13246023.909312727,49488.91,69.69,49629.25
2021-02-24 19:10:00,0.21,49399.28,49713.38,49357.5,49397.01,346.87,17162257.136203025,49478.2,86.4,49380.57
2021-02-24 19:15:00,0.13,49397.01,49557.38,49380.0,49504.0,196.31,9712680.533555642,49476.81,33.12,49500.0
2021-02-24 19:20:00,0.1,49520.26,49615.7,49460.0,49529.13,123.18,6100559.639085191,49525.94,24.2,49516.6
2021-02-24 19:25:00,0.12,49519.75,49562.0,49382.55,49457.47,150.39,7440829.53736037,49478.5,40.85,49428.0
2021-02-24 19:30:00,0.24,49472.47,49475.25,49129.028,49203.05,238.12,11728210.962027023,49252.96,74.53,49265.5
2021-02-24 19:35:00,0.28,49197.54,49222.5,48804.0,48908.0,339.62,16642251.362341903,49002.13,88.88,49060.7
2021-02-24 19:40:00,0.17,48914.5,49165.92,48874.44,49015.4,289.63,14206675.186733356,49051.19,49.44,49096.9
2021-02-24 19:45:00,0.18,49013.46,49261.5,48932.52,49032.36,210.85,10353170.127864305,49102.21,63.4,49100.0
2021-02-24 19:50:00,0.15,49032.36,49172.73,48923.69,48951.34,178.89,8774711.786984142,49050.73,55.76,49000.9
2021-02-24 19:55:00,0.15,48952.5,49105.47,48872.0,48990.27,220.93,10820752.23116468,48977.25,42.88,49030.59
2021-02-24 20:00:00,0.22,48990.27,49293.55,48855.6,49224.98,348.88,17110866.552228723,49044.92,133.57,49168.2
2021-02-24 20:05:00,0.11,49224.99,49242.75,49028.09,49040.0,121.71,5980556.344062171,49138.08,53.62,49221.0
2021-02-24 20:10:00,0.14,49040.0,49249.27,48996.18788,49204.33,178.65,8777860.188257331,49133.14,59.21,49093.32
2021-02-24 20:15:00,0.13,49186.42597908,49214.0,48924.04,48950.01,137.64,6755970.458061035,49085.2,56.89,49116.0
2021-02-24 20:20:00,0.19,48950.0,49052.71,48772.0,48838.06,227.0,11103654.486280903,48915.33,59.41,48809.1
2021-02-24 20:25:00,0.17,48840.55,48947.98,48750.0,48898.07,191.72,9362986.82969979,48837.26,41.86,48821.7
2021-02-24 20:30:00,0.24,48884.0,48920.25,48569.0,48752.999,359.8,17527945.789466724,48716.46,63.17,48749.9
2021-02-24 20:35:00,0.2,48733.52,48913.08,48591.66,48889.19,264.36,12887472.786086148,48750.51,69.47,48795.8
2021-02-24 20:40:00,0.19,48906.48,49049.0,48656.39,48662.64,231.38,11310707.210309189,48882.8,104.1,48891.5
2021-02-24 20:45:00,0.14,48666.26,48907.46,48649.0,48885.63,200.49,9777519.300898511,48769.22,64.32,48791.2
2021-02-24 20:50:00,0.15,48886.15,49030.87,48836.0,48987.51,183.35,8974727.443365518,48947.51,40.97,48886.1
2021-02-24 20:55:00,0.25,48987.53,49279.32,48896.0,49174.4,373.41,18331014.662707582,49090.9,89.63,48991.4
2021-02-24 21:00:00,0.14,49152.28,49193.77,48936.0,48950.4,225.42,11066449.84383988,49091.81,57.25,49091.0
2021-02-24 21:05:00,0.19,48952.21,49011.11,48635.52,48736.99,303.8,14824818.782371448,48797.37,74.9,48700.0
2021-02-24 21:10:00,0.19,48711.0,48741.37,48512.0,48531.0,189.21,9196040.622768687,48601.22,47.1,48641.37
2021-02-24 21:15:00,0.32,48546.12,48644.47,48212.5,48275.01,562.87,27259130.247041296,48428.56,102.15,48375.0
2021-02-24 21:20:00,0.25,48291.7,48580.0,48135.88,48509.74,406.74,19640241.951820206,48286.41,106.33,48209.01
2021-02-24 21:25:00,0.19,48529.06,48534.6,48159.0,48173.98,258.69,12489340.277020304,48279.47,76.23,48233.6
2021-02-24 21:30:00,0.14,48203.36,48371.32,48152.05,48326.41,203.63,9829004.152761696,48268.89,39.42,48312.3
2021-02-24 21:35:00,0.16,48325.45,48575.71,48286.0,48418.26,156.15,7561948.153162289,48425.94,58.8,48463.0
2021-02-24 21:40:00,0.12,48433.76,48562.84,48371.22,48471.9,118.19,5727905.841180488,48464.78,27.39,48462.7
2021-02-24 21:45:00,0.15,48475.1,48513.9,48187.98,48283.87,144.33,6979878.500834028,48359.09,79.0,48430.2
2021-02-24 21:50:00,0.17,48264.45,48389.33,48111.0,48376.5,202.38,9761041.979600357,48232.09,57.14,48266.71
2021-02-24 21:55:00,0.28,48376.5,48968.01,48298.15,48757.56,244.69,11908040.387166686,48665.17,148.04,48753.9
2021-02-24 22:00:00,0.15,48768.54,48790.49,48352.5,48450.55,135.33,6572859.001828344,48568.42,93.82,48611.0
2021-02-24 22:05:00,0.17,48450.54,48556.52,48091.75,48150.01,120.89,5837141.528530251,48286.11,108.32,48175.0
2021-02-24 22:10:00,0.22,48155.0,48413.05,48036.5,48185.0,249.36,12017550.53411252,48194.45,92.43,48289.0
2021-02-24 22:15:00,0.13,48185.0,48518.5,48135.3,48360.25,167.5,8105413.306698839,48389.85,74.69,48468.9
2021-02-24 22:20:00,0.16,48344.02,48519.11,48268.0,48479.29,142.09,6872735.400973482,48367.34,50.76,48421.0
2021-02-24 22:25:00,0.2,48476.46,48728.78,48418.0,48710.0,136.78,6642213.924871662,48561.21,81.38,48677.0
2021-02-24 22:30:00,0.24,48710.06,48950.51,48529.38,48900.0,243.52,11878535.273284154,48778.97,91.17,48858.85
2021-02-24 22:35:00,0.18,48927.44,49004.72,48583.83,48707.98,181.72,8871361.696909472,48819.64,109.46,48813.4
2021-02-24 22:40:00,0.12,48700.2,48842.98,48590.91,48640.0,95.84,4669006.461435395,48716.52,41.61,48700.0
2021-02-24 22:45:00,0.13,48585.0,48839.83,48489.0,48724.6,137.71,6700241.816453456,48655.12,69.34,48551.1
2021-02-24 22:50:00,0.13,48705.48,48905.51,48689.8,48849.99,166.19,8110916.371819154,48805.36,44.19,48733.5
2021-02-24 22:55:00,0.14,48826.07,48962.1,48710.18,48833.25,126.66,6187929.41247289,48854.1,46.23,48831.7
2021-02-24 23:00:00,0.26,48831.81,49318.97,48753.08,49200.4,265.96,13052452.426148854,49076.95,145.49,48808.7
2021-02-24 23:05:00,0.28,49191.95,49579.74,49163.11,49480.0,269.14,13299430.245604958,49415.3,79.37,49500.0
2021-02-24 23:10:00,0.15,49452.93,49480.25,49221.68,49388.32,209.9,10356060.241140453,49338.71,41.44,49350.02
2021-02-24 23:15:00,0.17,49369.25,49402.5,49103.25,49191.93,280.73,13824432.330652146,49244.22,49.85,49212.1
2021-02-24 23:20:00,0.19,49170.35,49508.0,49163.12,49367.01,270.41,13349437.576984417,49367.58,73.03,49369.9
2021-02-24 23:25:00,0.19,49351.9,49503.66,49222.79,49360.0,229.55,11337919.211020028,49391.06,55.12,49393.1
2021-02-24 23:30:00,0.17,49359.99,49582.52,49331.6,49398.17,158.43,7835681.783865889,49459.74,47.66,49462.1
2021-02-24 23:35:00,0.23,49398.17,49809.31,49365.32,49592.51,182.18,9041529.904248143,49629.68,73.89,49746.8
2021-02-24 23:40:00,0.13,49608.66,49662.04,49472.29,49605.0,160.69,7967992.281810637,49584.6,41.24,49510.1
2021-02-24 23:45:00,0.16,49597.66,49792.0,49498.6,49691.48,144.82,7195561.583255949,49684.57,48.82,49610.0
2021-02-24 23:50:00,0.18,49712.66,49840.2,49500.0,49580.14,351.55,17456902.133250467,49657.38,55.62,49740.4
2021-02-24 23:55:00,0.13,49555.09,49773.07,49522.0,49737.82,160.07,7946543.248805287,49644.89,60.33,49698.3
